image_url,room_id
https://github.com/tanonkim/yhim/blob/master/cate1/%EA%B1%B4%ED%9D%AC1.jpg?raw=true,1
https://github.com/tanonkim/yhim/blob/master/cate1/%EA%B1%B4%ED%9D%AC2.jpg?raw=true,1
https://github.com/tanonkim/yhim/blob/master/cate1/%EA%B1%B4%ED%9D%AC3.jpg?raw=true,1
https://github.com/tanonkim/yhim/blob/master/cate1/%EA%B1%B4%ED%9D%AC4.jpg?raw=true,1
https://github.com/tanonkim/yhim/blob/master/cate1/%EA%B1%B4%ED%9D%AC4.jpg?raw=true,1
https://github.com/tanonkim/yhim/blob/master/cate1/%EB%8F%99%EA%B7%9C1.jpg?raw=true,2
https://github.com/tanonkim/yhim/blob/master/cate1/%EB%8F%99%EA%B7%9C2.jpg?raw=true,2
https://github.com/tanonkim/yhim/blob/master/cate1/%EB%8F%99%EA%B7%9C3.jpg?raw=true,2
https://github.com/tanonkim/yhim/blob/master/cate1/%EB%8F%99%EA%B7%9C4.png?raw=true,2
https://github.com/tanonkim/yhim/blob/master/cate1/%EB%8F%99%EA%B7%9C5.png?raw=true,2
https://github.com/tanonkim/yhim/blob/master/cate1/%EC%8A%AC%EA%B8%B01.png?raw=true,3
https://github.com/tanonkim/yhim/blob/master/cate1/%EC%8A%AC%EA%B8%B02.png?raw=true,3
https://github.com/tanonkim/yhim/blob/master/cate1/%EC%8A%AC%EA%B8%B03.jpg?raw=true,3
https://github.com/tanonkim/yhim/blob/master/cate1/%EC%8A%AC%EA%B8%B04.jpg?raw=true,3
https://github.com/tanonkim/yhim/blob/master/cate1/%EC%8A%AC%EA%B8%B05.png?raw=true,3
https://github.com/tanonkim/yhim/blob/master/cate1/%EC%9D%80%EC%A7%801.jpg?raw=true,4
https://github.com/tanonkim/yhim/blob/master/cate1/%EC%9D%80%EC%A7%802.jpg?raw=true,4
https://github.com/tanonkim/yhim/blob/master/cate1/%EC%9D%80%EC%A7%803.jpg?raw=true,4
https://github.com/tanonkim/yhim/blob/master/cate1/%EC%9D%80%EC%A7%804.jpg?raw=true,4
https://github.com/tanonkim/yhim/blob/master/cate1/%EC%9D%80%EC%A7%805.jpg?raw=true,4
https://github.com/tanonkim/yhim/blob/master/cate1/%EC%A4%80%EC%98%811.jpg?raw=true,5
https://github.com/tanonkim/yhim/blob/master/cate1/%EC%A4%80%EC%98%812.jpg?raw=true,5
https://github.com/tanonkim/yhim/blob/master/cate1/%EC%A4%80%EC%98%813.jpg?raw=true,5
https://github.com/tanonkim/yhim/blob/master/cate1/%EC%A4%80%EC%98%814.jpg?raw=true,5
https://github.com/tanonkim/yhim/blob/master/cate1/%EC%A4%80%EC%98%815.jpg?raw=true,5
https://github.com/tanonkim/yhim/blob/master/cate1/%EC%A7%80%EC%84%B11.png?raw=true,6
https://github.com/tanonkim/yhim/blob/master/cate1/%EC%A7%80%EC%84%B12.png?raw=true,6
https://github.com/tanonkim/yhim/blob/master/cate1/%EC%A7%80%EC%84%B13.png?raw=true,6
https://github.com/tanonkim/yhim/blob/master/cate1/%EC%A7%80%EC%84%B14.png?raw=true,6
https://github.com/tanonkim/yhim/blob/master/cate1/%EC%A7%80%EC%84%B15.png?raw=true,6
https://github.com/tanonkim/yhim/blob/master/cate2/%EA%B1%B4%EC%9A%B01.jpg?raw=true,7
https://github.com/tanonkim/yhim/blob/master/cate2/%EA%B1%B4%EC%9A%B02.png?raw=true,7
https://github.com/tanonkim/yhim/blob/master/cate2/%EA%B1%B4%EC%9A%B03.jpg?raw=true,7
https://github.com/tanonkim/yhim/blob/master/cate2/%EA%B1%B4%EC%9A%B04.jpg?raw=true,7
https://github.com/tanonkim/yhim/blob/master/cate2/%EA%B1%B4%EC%9A%B05.jpg?raw=true,7
https://github.com/tanonkim/yhim/blob/master/cate2/%EA%B2%BD%EC%84%AD1.jpg?raw=true,8
https://github.com/tanonkim/yhim/blob/master/cate2/%EA%B2%BD%EC%84%AD2.png?raw=true,8
https://github.com/tanonkim/yhim/blob/master/cate2/%EA%B2%BD%EC%84%AD3.png?raw=true,8
https://github.com/tanonkim/yhim/blob/master/cate2/%EA%B2%BD%EC%84%AD4.png?raw=true,8
https://github.com/tanonkim/yhim/blob/master/cate2/%EA%B2%BD%EC%84%AD5.png?raw=true,8
https://github.com/tanonkim/yhim/blob/master/cate2/%EA%B4%91%EB%AF%BC1.jpg?raw=true,9
https://github.com/tanonkim/yhim/blob/master/cate2/%EA%B4%91%EB%AF%BC2.png?raw=true,9
https://github.com/tanonkim/yhim/blob/master/cate2/%EA%B4%91%EB%AF%BC3.jpg?raw=true,9
https://github.com/tanonkim/yhim/blob/master/cate2/%EA%B4%91%EB%AF%BC4.jpg?raw=true,9
https://github.com/tanonkim/yhim/blob/master/cate2/%EA%B4%91%EB%AF%BC5.jpg?raw=true,9
https://github.com/tanonkim/yhim/blob/master/cate2/%EA%B8%B0%ED%98%841.png?raw=true,10
https://github.com/tanonkim/yhim/blob/master/cate2/%EA%B8%B0%ED%98%842.png?raw=true,10
https://github.com/tanonkim/yhim/blob/master/cate2/%EA%B8%B0%ED%98%843.jpg?raw=true,10
https://github.com/tanonkim/yhim/blob/master/cate2/%EA%B8%B0%ED%98%844.jpg?raw=true,10
https://github.com/tanonkim/yhim/blob/master/cate2/%EA%B8%B0%ED%98%845.jpg?raw=true,10
https://github.com/tanonkim/yhim/blob/master/cate2/%EB%8D%95%EA%B7%9C1.jpg?raw=true,11
https://github.com/tanonkim/yhim/blob/master/cate2/%EB%8D%95%EA%B7%9C2.jpg?raw=true,11
https://github.com/tanonkim/yhim/blob/master/cate2/%EB%8D%95%EA%B7%9C3.jpg?raw=true,11
https://github.com/tanonkim/yhim/blob/master/cate2/%EB%8D%95%EA%B7%9C4.jpg?raw=true,11
https://github.com/tanonkim/yhim/blob/master/cate2/%EB%8D%95%EA%B7%9C5.jpg?raw=true,11
https://github.com/tanonkim/yhim/blob/master/cate2/%EB%AF%B8%EC%A3%BC1.jpg?raw=true,12
https://github.com/tanonkim/yhim/blob/master/cate2/%EB%AF%B8%EC%A3%BC2.jpg?raw=true,12
https://github.com/tanonkim/yhim/blob/master/cate2/%EB%AF%B8%EC%A3%BC3.jpg?raw=true,12
https://github.com/tanonkim/yhim/blob/master/cate2/%EB%AF%B8%EC%A3%BC4.jpg?raw=true,12
https://github.com/tanonkim/yhim/blob/master/cate2/%EB%AF%B8%EC%A3%BC5.jpg?raw=true,12
https://github.com/tanonkim/yhim/blob/master/cate2/%EC%95%84%EC%9D%B4%EC%9C%A01.jpg?raw=true,13
https://github.com/tanonkim/yhim/blob/master/cate2/%EC%95%84%EC%9D%B4%EC%9C%A02.jpg?raw=true,13
https://github.com/tanonkim/yhim/blob/master/cate2/%EC%95%84%EC%9D%B4%EC%9C%A03.jpg?raw=true,13
https://github.com/tanonkim/yhim/blob/master/cate2/%EC%95%84%EC%9D%B4%EC%9C%A04.jpg?raw=true,13
https://github.com/tanonkim/yhim/blob/master/cate2/%EC%95%84%EC%9D%B4%EC%9C%A05.png?raw=true,13
https://github.com/tanonkim/yhim/blob/master/cate2/%EC%98%81%ED%98%841.jpg?raw=true,14
https://github.com/tanonkim/yhim/blob/master/cate2/%EC%98%81%ED%98%842.jpg?raw=true,14
https://github.com/tanonkim/yhim/blob/master/cate2/%EC%98%81%ED%98%843.jpg?raw=true,14
https://github.com/tanonkim/yhim/blob/master/cate2/%EC%98%81%ED%98%844.png?raw=true,14
https://github.com/tanonkim/yhim/blob/master/cate2/%EC%98%81%ED%98%845.png?raw=true,14
https://github.com/tanonkim/yhim/blob/master/cate2/%EC%9C%A0%EC%A7%841.jpg?raw=true,15
https://github.com/tanonkim/yhim/blob/master/cate2/%EC%9C%A0%EC%A7%842.jpg?raw=true,15
https://github.com/tanonkim/yhim/blob/master/cate2/%EC%9C%A0%EC%A7%843.jpg?raw=true,15
https://github.com/tanonkim/yhim/blob/master/cate2/%EC%9C%A0%EC%A7%844.jpg?raw=true,15
https://github.com/tanonkim/yhim/blob/master/cate2/%EC%9C%A0%EC%A7%845.jpg?raw=true,15
https://github.com/tanonkim/yhim/blob/master/cate2/%EC%A3%BC%ED%98%841.jpg?raw=true,16
https://github.com/tanonkim/yhim/blob/master/cate2/%EC%A3%BC%ED%98%842.jpg?raw=true,16
https://github.com/tanonkim/yhim/blob/master/cate2/%EC%A3%BC%ED%98%843.jpg?raw=true,16
https://github.com/tanonkim/yhim/blob/master/cate2/%EC%A3%BC%ED%98%844.jpg?raw=true,16
https://github.com/tanonkim/yhim/blob/master/cate2/%EC%A3%BC%ED%98%845.jpg?raw=true,16
https://github.com/tanonkim/yhim/blob/master/cate2/%EC%A7%80%EC%84%A01.jpg?raw=true,17
https://github.com/tanonkim/yhim/blob/master/cate2/%EC%A7%80%EC%84%A02.jpg?raw=true,17
https://github.com/tanonkim/yhim/blob/master/cate2/%EC%A7%80%EC%84%A03.jpg?raw=true,17
https://github.com/tanonkim/yhim/blob/master/cate2/%EC%A7%80%EC%84%A04.jpg?raw=true,17
https://github.com/tanonkim/yhim/blob/master/cate2/%EC%A7%80%EC%84%A05.jpg?raw=true,17
https://github.com/tanonkim/yhim/blob/master/cate2/%EC%A7%80%ED%98%841.jpg?raw=true,18
https://github.com/tanonkim/yhim/blob/master/cate2/%EC%A7%80%ED%98%842.jpg?raw=true,18
https://github.com/tanonkim/yhim/blob/master/cate2/%EC%A7%80%ED%98%843.jpg?raw=true,18
https://github.com/tanonkim/yhim/blob/master/cate2/%EC%A7%80%ED%98%844.jpg?raw=true,18
https://github.com/tanonkim/yhim/blob/master/cate2/%EC%A7%80%ED%98%845.jpg?raw=true,18
https://github.com/tanonkim/yhim/blob/master/cate2/%ED%98%9C%EC%A7%841.jpg?raw=true,19
https://github.com/tanonkim/yhim/blob/master/cate2/%ED%98%9C%EC%A7%842.jpg?raw=true,19
https://github.com/tanonkim/yhim/blob/master/cate2/%ED%98%9C%EC%A7%843.jpg?raw=true,19
https://github.com/tanonkim/yhim/blob/master/cate2/%ED%98%9C%EC%A7%844.jpg?raw=true,19
https://github.com/tanonkim/yhim/blob/master/cate2/%ED%98%9C%EC%A7%845.jpg?raw=true,19
https://github.com/tanonkim/yhim/blob/master/cate2/%ED%9D%AC%EC%84%B11.jpg?raw=true,20
https://github.com/tanonkim/yhim/blob/master/cate2/%ED%9D%AC%EC%84%B12.jpg?raw=true,20
https://github.com/tanonkim/yhim/blob/master/cate2/%ED%9D%AC%EC%84%B13.jpg?raw=true,20
https://github.com/tanonkim/yhim/blob/master/cate2/%ED%9D%AC%EC%84%B14.jpg?raw=true,20
https://github.com/tanonkim/yhim/blob/master/cate2/%ED%9D%AC%EC%84%B15.jpg?raw=true,20
https://github.com/tanonkim/yhim/blob/master/cate3/%EA%B1%B4%EA%B7%9C1.jpg?raw=true,21
https://github.com/tanonkim/yhim/blob/master/cate3/%EA%B1%B4%EA%B7%9C2.jpg?raw=true,21
https://github.com/tanonkim/yhim/blob/master/cate3/%EA%B1%B4%EA%B7%9C3.jpg?raw=true,21
https://github.com/tanonkim/yhim/blob/master/cate3/%EA%B1%B4%EA%B7%9C4.jpg?raw=true,21
https://github.com/tanonkim/yhim/blob/master/cate3/%EA%B1%B4%EA%B7%9C5.jpg?raw=true,21
https://github.com/tanonkim/yhim/blob/master/cate3/%EA%B4%91%EC%9D%BC1.png?raw=true,22
https://github.com/tanonkim/yhim/blob/master/cate3/%EA%B4%91%EC%9D%BC2.png?raw=true,22
https://github.com/tanonkim/yhim/blob/master/cate3/%EA%B4%91%EC%9D%BC3.png?raw=true,22
https://github.com/tanonkim/yhim/blob/master/cate3/%EA%B4%91%EC%9D%BC4.png?raw=true,22
https://github.com/tanonkim/yhim/blob/master/cate3/%EA%B4%91%EC%9D%BC5.jpg?raw=true,22
https://github.com/tanonkim/yhim/blob/master/cate3/%EC%82%B01.jpg?raw=true,23
https://github.com/tanonkim/yhim/blob/master/cate3/%EC%82%B02.jpg?raw=true,23
https://github.com/tanonkim/yhim/blob/master/cate3/%EC%82%B03.jpg?raw=true,23
https://github.com/tanonkim/yhim/blob/master/cate3/%EC%82%B04.jpg?raw=true,23
https://github.com/tanonkim/yhim/blob/master/cate3/%EC%82%B05.jpg?raw=true,23
https://github.com/tanonkim/yhim/blob/master/cate3/%EC%98%88%EC%86%941.jpg?raw=true,24
https://github.com/tanonkim/yhim/blob/master/cate3/%EC%98%88%EC%86%942.jpg?raw=true,24
https://github.com/tanonkim/yhim/blob/master/cate3/%EC%98%88%EC%86%943.jpg?raw=true,24
https://github.com/tanonkim/yhim/blob/master/cate3/%EC%98%88%EC%86%944.jpg?raw=true,24
https://github.com/tanonkim/yhim/blob/master/cate3/%EC%98%88%EC%86%945.jpg?raw=true,24
https://github.com/tanonkim/yhim/blob/master/cate3/%EC%A0%95%EC%B0%AC1.jpg?raw=true,25
https://github.com/tanonkim/yhim/blob/master/cate3/%EC%A0%95%EC%B0%AC2.jpg?raw=true,25
https://github.com/tanonkim/yhim/blob/master/cate3/%EC%A0%95%EC%B0%AC3.png?raw=true,25
https://github.com/tanonkim/yhim/blob/master/cate3/%EC%A0%95%EC%B0%AC4.png?raw=true,25
https://github.com/tanonkim/yhim/blob/master/cate3/%EC%A0%95%EC%B0%AC5.png?raw=true,25
https://github.com/tanonkim/yhim/blob/master/cate3/%EC%A7%80%EC%9B%901.png?raw=true,26
https://github.com/tanonkim/yhim/blob/master/cate3/%EC%A7%80%EC%9B%902.png?raw=true,26
https://github.com/tanonkim/yhim/blob/master/cate3/%EC%A7%80%EC%9B%903.png?raw=true,26
https://github.com/tanonkim/yhim/blob/master/cate3/%EC%A7%80%EC%9B%904.png?raw=true,26
https://github.com/tanonkim/yhim/blob/master/cate3/%EC%A7%80%EC%9B%905.png?raw=true,26
https://github.com/tanonkim/yhim/blob/master/cate3/%EC%A7%84%EB%AA%A91.jpg?raw=true,27
https://github.com/tanonkim/yhim/blob/master/cate3/%EC%A7%84%EB%AA%A92.jpg?raw=true,27
https://github.com/tanonkim/yhim/blob/master/cate3/%EC%A7%84%EB%AA%A93.jpg?raw=true,27
https://github.com/tanonkim/yhim/blob/master/cate3/%EC%A7%84%EB%AA%A94.jpg?raw=true,27
https://github.com/tanonkim/yhim/blob/master/cate3/%EC%A7%84%EB%AA%A95.jpg?raw=true,27
https://github.com/tanonkim/yhim/blob/master/cate3/%ED%9D%AC%EC%88%981.png?raw=true,28
https://github.com/tanonkim/yhim/blob/master/cate3/%ED%9D%AC%EC%88%982.png?raw=true,28
https://github.com/tanonkim/yhim/blob/master/cate3/%ED%9D%AC%EC%88%983.png?raw=true,28
https://github.com/tanonkim/yhim/blob/master/cate3/%ED%9D%AC%EC%88%984.png?raw=true,28
https://github.com/tanonkim/yhim/blob/master/cate3/%ED%9D%AC%EC%88%985.png?raw=true,28
https://github.com/tanonkim/yhim/blob/master/cate4/%EA%B0%80%EB%9E%8C2.jpg?raw=true,29
https://github.com/tanonkim/yhim/blob/master/cate4/%EA%B0%80%EB%9E%8C1.jpeg?raw=true,29
https://github.com/tanonkim/yhim/blob/master/cate4/%EA%B0%80%EB%9E%8C3.jpg?raw=true,29
https://github.com/tanonkim/yhim/blob/master/cate4/%EA%B0%80%EB%9E%8C4.jpg?raw=true,29
https://github.com/tanonkim/yhim/blob/master/cate4/%EA%B0%80%EB%9E%8C5.jpg?raw=true,29
https://github.com/tanonkim/yhim/blob/master/cate4/%EA%B0%80%EB%9E%8C1.jpeg?raw=true,30
https://github.com/tanonkim/yhim/blob/master/cate4/%EA%B0%95%ED%98%B82.jpg?raw=true,30
https://github.com/tanonkim/yhim/blob/master/cate4/%EA%B0%95%ED%98%B83.jpg?raw=true,30
https://github.com/tanonkim/yhim/blob/master/cate4/%EA%B0%95%ED%98%B84.jpg?raw=true,30
https://github.com/tanonkim/yhim/blob/master/cate4/%EA%B0%95%ED%98%B85.jpg?raw=true,30
https://github.com/tanonkim/yhim/blob/master/cate4/%EB%B3%841.png?raw=true,31
https://github.com/tanonkim/yhim/blob/master/cate4/%EB%B3%842.jpg?raw=true,31
https://github.com/tanonkim/yhim/blob/master/cate4/%EB%B3%843.jpg?raw=true,31
https://github.com/tanonkim/yhim/blob/master/cate4/%EB%B3%844%1D.jpg?raw=true,31
https://github.com/tanonkim/yhim/blob/master/cate4/%EB%B3%845.jpg?raw=true,31
https://github.com/tanonkim/yhim/blob/master/cate4/%EC%88%98%EC%9D%B81.png?raw=true,32
https://github.com/tanonkim/yhim/blob/master/cate4/%EC%88%98%EC%9D%B82.jpg?raw=true,32
https://github.com/tanonkim/yhim/blob/master/cate4/%EC%88%98%EC%9D%B83.jpg?raw=true,32
https://github.com/tanonkim/yhim/blob/master/cate4/%EC%88%98%EC%9D%B84.jpg?raw=true,32
https://github.com/tanonkim/yhim/blob/master/cate4/%EC%88%98%EC%9D%B85.jpg?raw=true,32
https://github.com/tanonkim/yhim/blob/master/cate4/%EC%98%81%EC%84%9C1.png?raw=true,33
https://github.com/tanonkim/yhim/blob/master/cate4/%EC%98%81%EC%84%9C2.jpg?raw=true,33
https://github.com/tanonkim/yhim/blob/master/cate4/%EC%98%81%EC%84%9C3.jpg?raw=true,33
https://github.com/tanonkim/yhim/blob/master/cate4/%EC%98%81%EC%84%9C4.jpg?raw=true,33
https://github.com/tanonkim/yhim/blob/master/cate4/%EC%98%81%EC%84%9C5.png?raw=true,33
https://github.com/tanonkim/yhim/blob/master/cate4/%EC%9C%A0%EC%A0%951.jpeg?raw=true,34
https://github.com/tanonkim/yhim/blob/master/cate4/%EC%9C%A0%EC%A0%952.jpg?raw=true,34
https://github.com/tanonkim/yhim/blob/master/cate4/%EC%9C%A0%EC%A0%953.jpg?raw=true,34
https://github.com/tanonkim/yhim/blob/master/cate4/%EC%9C%A0%EC%A0%954.jpg?raw=true,34
https://github.com/tanonkim/yhim/blob/master/cate4/%EC%9C%A0%EC%A0%955.jpg?raw=true,34
https://github.com/tanonkim/yhim/blob/master/cate5/%EB%AA%85%EA%B5%AD1.png?raw=true,35
https://github.com/tanonkim/yhim/blob/master/cate5/%EB%AA%85%EA%B5%AD2.jpg?raw=true,35
https://github.com/tanonkim/yhim/blob/master/cate5/%EB%AA%85%EA%B5%AD3.jpg?raw=true,35
https://github.com/tanonkim/yhim/blob/master/cate5/%EB%AA%85%EA%B5%AD4.jpg?raw=true,35
https://github.com/tanonkim/yhim/blob/master/cate5/%EB%AA%85%EA%B5%AD5.png?raw=true,35
https://github.com/tanonkim/yhim/blob/master/cate5/%EC%84%B1%ED%9B%881.jpg?raw=true,36
https://github.com/tanonkim/yhim/blob/master/cate5/%EB%AC%B8%ED%9D%AC2.png?raw=true,36
https://github.com/tanonkim/yhim/blob/master/cate5/%EB%AC%B8%ED%9D%AC3.png?raw=true,36
https://github.com/tanonkim/yhim/blob/master/cate5/%EB%AC%B8%ED%9D%AC4.jpg?raw=true,36
https://github.com/tanonkim/yhim/blob/master/cate5/%EB%AC%B8%ED%9D%AC5.jpg?raw=true,36
https://github.com/tanonkim/yhim/blob/master/cate5/%EC%83%81%EB%AF%BC1.jpg?raw=true,37
https://github.com/tanonkim/yhim/blob/master/cate5/%EC%83%81%EB%AF%BC2.jpg?raw=true,37
https://github.com/tanonkim/yhim/blob/master/cate5/%EC%83%81%EB%AF%BC3.jpg?raw=true,37
https://github.com/tanonkim/yhim/blob/master/cate5/%EC%83%81%EB%AF%BC4.jpg?raw=true,37
https://github.com/tanonkim/yhim/blob/master/cate5/%EC%83%81%EB%AF%BC5.jpg?raw=true,37
https://github.com/tanonkim/yhim/blob/master/cate5/%EC%84%B1%EC%A4%801.jpg?raw=true,38
https://github.com/tanonkim/yhim/blob/master/cate5/%EC%84%B1%EC%A4%802.jpg?raw=true,38
https://github.com/tanonkim/yhim/blob/master/cate5/%EC%84%B1%EC%A4%803.jpg?raw=true,38
https://github.com/tanonkim/yhim/blob/master/cate5/%EC%84%B1%EC%A4%804.jpg?raw=true,38
https://github.com/tanonkim/yhim/blob/master/cate5/%EC%84%B1%EC%A4%805.png?raw=true,38
https://github.com/tanonkim/yhim/blob/master/cate5/%EB%AC%B8%ED%9D%AC1.jpg?raw=true,39
https://github.com/tanonkim/yhim/blob/master/cate5/%EC%84%B1%ED%9B%882.png?raw=true,39
https://github.com/tanonkim/yhim/blob/master/cate5/%EC%84%B1%ED%9B%883.png?raw=true,39
https://github.com/tanonkim/yhim/blob/master/cate5/%EC%84%B1%ED%9B%884.jpg?raw=true,39
https://github.com/tanonkim/yhim/blob/master/cate5/%EC%84%B1%ED%9B%885.jpg?raw=true,39
https://github.com/tanonkim/yhim/blob/master/cate5/%EC%9C%A4%EC%88%991.jpg?raw=true,40
https://github.com/tanonkim/yhim/blob/master/cate5/%EC%9C%A4%EC%88%992.jpg?raw=true,40
https://github.com/tanonkim/yhim/blob/master/cate5/%EC%9C%A4%EC%88%993.jpg?raw=true,40
https://github.com/tanonkim/yhim/blob/master/cate5/%EC%9C%A4%EC%88%994.jpg?raw=true,40
https://github.com/tanonkim/yhim/blob/master/cate5/%EC%9C%A4%EC%88%995.jpg?raw=true,40
https://github.com/tanonkim/yhim/blob/master/cate5/%EC%A7%80%EC%9C%A41.jpg?raw=true,41
https://github.com/tanonkim/yhim/blob/master/cate5/%EC%A7%80%EC%9C%A42.jpg?raw=true,41
https://github.com/tanonkim/yhim/blob/master/cate5/%EC%A7%80%EC%9C%A43.jpg?raw=true,41
https://github.com/tanonkim/yhim/blob/master/cate5/%EC%A7%80%EC%9C%A44.jpg?raw=true,41
https://github.com/tanonkim/yhim/blob/master/cate5/%EC%A7%80%EC%9C%A45.jpg?raw=true,41
https://github.com/tanonkim/yhim/blob/master/cate5/%EC%B2%A0%EC%A7%841.jpg?raw=true,42
https://github.com/tanonkim/yhim/blob/master/cate5/%EC%B2%A0%EC%A7%842.jpg?raw=true,42
https://github.com/tanonkim/yhim/blob/master/cate5/%EC%B2%A0%EC%A7%843.jpg?raw=true,42
https://github.com/tanonkim/yhim/blob/master/cate5/%EC%B2%A0%EC%A7%844.jpg?raw=true,42
https://github.com/tanonkim/yhim/blob/master/cate5/%EC%B2%A0%EC%A7%845.jpg?raw=true,42
https://github.com/tanonkim/yhim/blob/master/cate6/%EA%B2%BD%EB%9E%981.jpg?raw=true,43
https://github.com/tanonkim/yhim/blob/master/cate6/%EA%B2%BD%EB%9E%982.jpg?raw=true,43
https://github.com/tanonkim/yhim/blob/master/cate6/%EA%B2%BD%EB%9E%983.jpg?raw=true,43
https://github.com/tanonkim/yhim/blob/master/cate6/%EA%B2%BD%EB%9E%984.jpg?raw=true,43
https://github.com/tanonkim/yhim/blob/master/cate6/%EA%B2%BD%EB%9E%985.jpg?raw=true,43
https://github.com/tanonkim/yhim/blob/master/cate6/%EA%B2%BD%ED%9B%881.jpg?raw=true,44
https://github.com/tanonkim/yhim/blob/master/cate6/%EA%B2%BD%ED%9B%882.jpg?raw=true,44
https://github.com/tanonkim/yhim/blob/master/cate6/%EA%B2%BD%ED%9B%883.jpg?raw=true,44
https://github.com/tanonkim/yhim/blob/master/cate6/%EA%B2%BD%ED%9B%884.jpg?raw=true,44
https://github.com/tanonkim/yhim/blob/master/cate6/%EA%B2%BD%ED%9B%885.jpg?raw=true,44
https://github.com/tanonkim/yhim/blob/master/cate6/%EA%B7%9C%ED%98%841.jpg?raw=true,45
https://github.com/tanonkim/yhim/blob/master/cate6/%EA%B7%9C%ED%98%842.jpg?raw=true,45
https://github.com/tanonkim/yhim/blob/master/cate6/%EA%B7%9C%ED%98%843.jpg?raw=true,45
https://github.com/tanonkim/yhim/blob/master/cate6/%EA%B7%9C%ED%98%844.jpg?raw=true,45
https://github.com/tanonkim/yhim/blob/master/cate6/%EA%B7%9C%ED%98%845.jpg?raw=true,45
https://github.com/tanonkim/yhim/blob/master/cate6/%EB%8F%84%ED%98%841.jpg?raw=true,46
https://github.com/tanonkim/yhim/blob/master/cate6/%EB%8F%84%ED%98%842.jpg?raw=true,46
https://github.com/tanonkim/yhim/blob/master/cate6/%EB%8F%84%ED%98%843.jpg?raw=true,46
https://github.com/tanonkim/yhim/blob/master/cate6/%EB%8F%84%ED%98%844.jpg?raw=true,46
https://github.com/tanonkim/yhim/blob/master/cate6/%EB%8F%84%ED%98%845.jpg?raw=true,46
https://github.com/tanonkim/yhim/blob/master/cate6/%EB%8F%99%ED%9D%AC1.jpg?raw=true,47
https://github.com/tanonkim/yhim/blob/master/cate6/%EB%8F%99%ED%9D%AC2.jpg?raw=true,47
https://github.com/tanonkim/yhim/blob/master/cate6/%EB%8F%99%ED%9D%AC3.jpg?raw=true,47
https://github.com/tanonkim/yhim/blob/master/cate6/%EB%8F%99%ED%9D%AC4.jpg?raw=true,47
https://github.com/tanonkim/yhim/blob/master/cate6/%EB%8F%99%ED%9D%AC5.jpg?raw=true,47
https://github.com/tanonkim/yhim/blob/master/cate6/%EB%9E%98%EC%98%811.jpg?raw=true,48
https://github.com/tanonkim/yhim/blob/master/cate6/%EB%9E%98%EC%98%812.jpg?raw=true,48
https://github.com/tanonkim/yhim/blob/master/cate6/%EB%9E%98%EC%98%813.jpg?raw=true,48
https://github.com/tanonkim/yhim/blob/master/cate6/%EB%9E%98%EC%98%814.jpg?raw=true,48
https://github.com/tanonkim/yhim/blob/master/cate6/%EB%9E%98%EC%98%815.jpg?raw=true,48
https://github.com/tanonkim/yhim/blob/master/cate6/%EC%8A%B9%ED%98%841.jpg?raw=true,49
https://github.com/tanonkim/yhim/blob/master/cate6/%EC%8A%B9%ED%98%842.jpg?raw=true,49
https://github.com/tanonkim/yhim/blob/master/cate6/%EC%8A%B9%ED%98%843.jpg?raw=true,49
https://github.com/tanonkim/yhim/blob/master/cate6/%EC%8A%B9%ED%98%844.jpg?raw=true,49
https://github.com/tanonkim/yhim/blob/master/cate6/%EC%8A%B9%ED%98%845.jpg?raw=true,49
https://github.com/tanonkim/yhim/blob/master/cate6/%EC%8B%A0%EC%98%811.jpg?raw=true,50
https://github.com/tanonkim/yhim/blob/master/cate6/%EC%8B%A0%EC%98%812.jpg?raw=true,50
https://github.com/tanonkim/yhim/blob/master/cate6/%EC%8B%A0%EC%98%813.jpg?raw=true,50
https://github.com/tanonkim/yhim/blob/master/cate6/%EC%8B%A0%EC%98%814.jpg?raw=true,50
https://github.com/tanonkim/yhim/blob/master/cate6/%EC%8B%A0%EC%98%815.jpg?raw=true,50
https://github.com/tanonkim/yhim/blob/master/cate6/%EC%98%81%EB%8C%801.jpg?raw=true,51
https://github.com/tanonkim/yhim/blob/master/cate6/%EC%98%81%EB%8C%802.jpg?raw=true,51
https://github.com/tanonkim/yhim/blob/master/cate6/%EC%98%81%EB%8C%803.jpg?raw=true,51
https://github.com/tanonkim/yhim/blob/master/cate6/%EC%98%81%EB%8C%804.jpg?raw=true,51
https://github.com/tanonkim/yhim/blob/master/cate6/%EC%98%81%EB%8C%805.jpg?raw=true,51
https://github.com/tanonkim/yhim/blob/master/cate6/%EC%98%81%EB%8C%801.jpg?raw=true,52
https://github.com/tanonkim/yhim/blob/master/cate6/%EC%98%81%EC%9D%802.jpg?raw=true,52
https://github.com/tanonkim/yhim/blob/master/cate6/%EC%98%81%EB%8C%803.jpg?raw=true,52
https://github.com/tanonkim/yhim/blob/master/cate6/%EC%98%81%EB%8C%804.jpg?raw=true,52
https://github.com/tanonkim/yhim/blob/master/cate6/%EC%98%81%EB%8C%805.jpg?raw=true,52
https://github.com/tanonkim/yhim/blob/master/cate6/%EC%98%81%EC%9D%801.jpg?raw=true,53
https://github.com/tanonkim/yhim/blob/master/cate6/%EC%98%81%EC%9D%802.jpg?raw=true,53
https://github.com/tanonkim/yhim/blob/master/cate6/%EC%98%81%EC%9D%803.jpg?raw=true,53
https://github.com/tanonkim/yhim/blob/master/cate6/%EC%98%81%EC%9D%804.jpg?raw=true,53
https://github.com/tanonkim/yhim/blob/master/cate6/%EC%98%81%EC%9D%805.jpg?raw=true,53
https://github.com/tanonkim/yhim/blob/master/cate6/%EC%A4%80%EC%8B%9D1.jpg?raw=true,54
https://github.com/tanonkim/yhim/blob/master/cate6/%EC%A4%80%EC%8B%9D2.jpg?raw=true,54
https://github.com/tanonkim/yhim/blob/master/cate6/%EC%A4%80%EC%8B%9D3.jpg?raw=true,54
https://github.com/tanonkim/yhim/blob/master/cate6/%EC%A4%80%EC%8B%9D4.jpg?raw=true,54
https://github.com/tanonkim/yhim/blob/master/cate6/%EC%A4%80%EC%8B%9D5.jpg?raw=true,54