id,image_url,room_id
1,https://github.com/tanonkim/yhim/blob/master/1.png?raw=true,1
2,https://github.com/tanonkim/yhim/blob/master/2.png?raw=true,1
3,https://github.com/tanonkim/yhim/blob/master/3.png?raw=true,1
4,https://github.com/tanonkim/yhim/blob/master/4.png?raw=true,1
5,https://github.com/tanonkim/yhim/blob/master/5.png?raw=true,2
6,https://github.com/tanonkim/yhim/blob/master/6.png?raw=true,2
7,https://github.com/tanonkim/yhim/blob/master/7.png?raw=true,2
8,https://github.com/tanonkim/yhim/blob/master/8.png?raw=true,2
9,https://github.com/tanonkim/yhim/blob/master/9.png?raw=true,3
10,https://github.com/tanonkim/yhim/blob/master/10.png?raw=true,3
11,https://github.com/tanonkim/yhim/blob/master/11.png?raw=true,3
12,https://github.com/tanonkim/yhim/blob/master/12.png?raw=true,3
13,https://github.com/tanonkim/yhim/blob/master/13.png?raw=true,4
14,https://github.com/tanonkim/yhim/blob/master/14.png?raw=true,4
15,https://github.com/tanonkim/yhim/blob/master/15.png?raw=true,4
16,https://github.com/tanonkim/yhim/blob/master/16.png?raw=true,4
17,https://github.com/tanonkim/yhim/blob/master/17.png?raw=true,5
18,https://github.com/tanonkim/yhim/blob/master/18.png?raw=true,5
19,https://github.com/tanonkim/yhim/blob/master/19.png?raw=true,5
20,https://github.com/tanonkim/yhim/blob/master/20.png?raw=true,5
21,https://github.com/tanonkim/yhim/blob/master/21.png?raw=true,6
22,https://github.com/tanonkim/yhim/blob/master/22.png?raw=true,6
23,https://github.com/tanonkim/yhim/blob/master/23.png?raw=true,6
24,https://github.com/tanonkim/yhim/blob/master/24.png?raw=true,6
25,https://github.com/tanonkim/yhim/blob/master/25.png?raw=true,7
26,https://github.com/tanonkim/yhim/blob/master/26.png?raw=true,7
27,https://github.com/tanonkim/yhim/blob/master/27.png?raw=true,7
28,https://github.com/tanonkim/yhim/blob/master/28.png?raw=true,7
29,https://github.com/tanonkim/yhim/blob/master/29.png?raw=true,8
30,https://github.com/tanonkim/yhim/blob/master/30.png?raw=true,8
31,https://github.com/tanonkim/yhim/blob/master/31.png?raw=true,8
32,https://github.com/tanonkim/yhim/blob/master/32.png?raw=true,8
33,https://github.com/tanonkim/yhim/blob/master/33.png?raw=true,9
34,https://github.com/tanonkim/yhim/blob/master/34.png?raw=true,9
35,https://github.com/tanonkim/yhim/blob/master/35.png?raw=true,9
36,https://github.com/tanonkim/yhim/blob/master/36.png?raw=true,9
37,https://github.com/tanonkim/yhim/blob/master/37.png?raw=true,10
38,https://github.com/tanonkim/yhim/blob/master/38.png?raw=true,10
39,https://github.com/tanonkim/yhim/blob/master/39.png?raw=true,10
40,https://github.com/tanonkim/yhim/blob/master/40.png?raw=true,10